user_id,age,num_visits,avg_session_duration_min,num_items_viewed,num_items_in_favorites,num_previous_orders,days_since_registration,used_chat_assistant,is_returning_customer,total_spending,will_churn
1,56,99,43.59,55,22,28,361,0,1,308.22,0
2,69,15,39.76,199,20,18,374,0,1,235.55,0
3,46,64,45.67,92,23,42,554,0,1,390.85,0
4,32,89,57.21,28,19,1,303,0,0,172.36,0
5,60,28,54.56,4,22,9,421,1,1,172.26,0
6,25,74,43.73,150,12,42,246,0,0,338.41,0
7,38,39,45.2,76,4,24,720,1,0,250.19,0
8,56,57,9.61,173,29,19,237,0,1,256.48,0
9,36,17,7.06,67,20,47,534,0,0,324.53,0
10,40,86,34.68,86,29,18,185,0,1,279.14,0
11,28,90,2.08,194,8,22,468,0,0,260.63,0
12,28,44,29.46,162,24,23,363,0,1,276.25,0
13,41,25,13.41,91,28,10,283,0,1,193.97,0
14,53,17,21.41,183,24,45,553,0,1,306.32,0
15,57,13,46.77,105,27,33,336,0,0,308.03,0
16,41,84,56.53,1,21,27,162,0,0,253.65,0
17,20,25,5.27,72,5,4,160,0,1,103.59,0
18,39,68,32.52,87,4,4,474,1,0,152.44,0
19,19,10,53.07,166,24,20,601,1,1,302.95,0
20,41,67,5.87,6,9,11,322,0,1,157.63,0
21,61,18,49.65,153,7,49,12,0,0,321.68,0
22,47,86,22.11,145,6,3,424,0,0,122.04,0
23,55,34,20.0,61,6,48,73,1,1,331.48,0
24,19,8,58.67,12,5,41,588,0,1,245.03,0
25,38,40,12.85,6,20,19,201,0,1,182.88,0
26,50,83,41.9,27,28,37,522,0,1,356.04,0
27,29,42,49.47,136,19,24,505,0,1,270.54,0
28,39,41,3.43,124,2,13,688,0,0,151.41,0
29,61,6,40.55,106,18,10,39,1,1,167.83,0
30,42,52,57.14,193,21,31,60,0,1,335.52,0
31,66,26,8.33,185,14,10,578,1,0,129.94,0
32,44,64,53.88,93,3,17,321,0,0,173.17,0
33,59,98,36.09,109,27,26,435,0,0,328.8,0
34,45,59,37.38,99,11,17,636,1,0,241.9,0
35,33,56,37.16,168,5,22,676,0,1,227.22,0
36,32,59,18.63,142,18,10,408,1,0,188.78,0
37,64,70,56.18,35,3,20,386,0,0,223.35,0
38,68,33,56.89,176,14,43,671,0,0,342.9,0
39,61,53,37.89,84,8,4,569,1,1,160.6,0
40,69,22,47.22,56,4,22,78,0,1,219.51,0
41,20,21,37.12,177,12,40,194,1,1,342.11,0
42,54,70,29.58,141,22,24,285,0,0,267.3,0
43,68,70,39.99,189,25,40,527,1,1,418.29,0
44,24,4,33.63,49,17,9,524,0,1,178.86,1
45,38,94,36.25,46,29,21,613,0,0,287.51,0
46,26,75,47.25,113,29,18,156,1,0,281.43,0
47,56,62,29.37,190,4,0,340,1,0,135.0,0
48,35,62,3.4,136,24,6,125,1,0,194.88,0
49,21,94,10.68,43,15,3,280,1,1,190.13,0
50,42,95,26.88,148,26,0,622,1,1,207.62,0
51,31,24,43.76,124,18,14,658,0,1,228.07,0
52,67,55,36.0,97,13,39,728,0,1,336.94,0
53,26,9,39.37,90,24,11,674,0,1,188.26,0
54,43,3,29.28,39,29,21,128,0,1,192.31,0
55,19,31,37.33,85,15,21,314,0,1,220.35,0
56,37,40,20.41,177,26,49,332,0,0,374.64,0
57,45,36,28.74,192,14,46,150,0,0,335.71,0
58,64,24,44.91,62,21,16,454,1,1,227.48,0
59,24,95,52.44,106,3,28,36,0,0,271.24,0
60,61,6,26.59,107,6,45,685,0,0,268.8,0
61,25,66,3.58,54,15,13,420,0,1,235.23,0
62,64,84,10.54,126,23,49,22,1,1,407.82,0
63,52,92,2.23,9,21,19,206,1,1,270.18,0
64,31,75,39.54,88,20,49,639,1,1,406.32,0
65,34,4,20.61,37,21,47,356,0,1,334.46,0
66,53,79,33.01,49,20,32,440,0,1,312.89,0
67,67,6,30.1,41,7,42,729,0,1,271.45,0
68,57,94,5.81,17,16,14,96,0,1,205.36,0
69,21,51,24.79,88,15,11,164,0,1,187.02,0
70,19,62,14.01,21,26,39,148,0,1,314.72,0
71,23,57,25.69,51,22,19,530,0,1,223.89,0
72,59,66,13.01,59,9,29,294,1,1,243.51,0
73,21,79,50.59,167,9,37,195,1,0,364.51,0
74,46,75,11.28,183,26,2,663,0,0,166.12,0
75,35,8,57.69,41,1,27,480,0,0,190.72,0
76,43,26,25.54,39,29,25,123,0,1,258.28,0
77,61,51,50.93,141,8,29,400,0,0,275.63,0
78,51,45,38.1,192,16,12,699,1,0,214.07,0
79,27,44,44.39,11,10,12,452,0,1,185.21,0
80,53,5,46.3,147,9,1,661,1,0,109.01,0
81,31,70,30.79,139,21,36,104,0,1,327.39,0
82,48,26,33.05,77,24,48,462,1,0,362.19,0
83,65,68,31.33,127,16,37,718,0,1,364.76,0
84,32,19,35.7,46,3,1,710,1,1,90.36,0
85,25,84,2.73,45,15,35,396,0,1,330.05,0
86,31,97,24.34,1,19,25,337,1,1,276.3,0
87,40,20,36.77,168,14,10,599,0,1,178.08,0
88,57,12,36.27,108,24,7,142,0,0,119.35,0
89,38,47,47.78,19,26,43,317,1,0,365.4,0
90,33,1,39.65,76,20,39,711,1,0,303.28,0
91,62,90,59.54,72,4,42,558,1,1,361.73,0
92,35,14,17.75,189,5,21,527,1,1,225.89,0
93,64,64,22.19,109,16,19,556,1,1,200.29,0
94,41,38,23.65,12,0,7,401,0,0,100.3,0
95,43,37,28.48,189,24,28,681,0,1,314.45,0
96,42,11,50.32,161,18,39,310,0,1,287.14,0
97,62,77,14.91,45,3,25,495,1,1,223.12,0
98,58,3,46.78,90,16,29,556,0,1,246.68,0
99,46,33,24.91,103,8,16,610,0,0,147.07,0
100,32,6,36.51,197,23,19,109,0,1,258.0,0
101,62,50,38.32,8,1,15,372,1,1,183.17,0
102,18,10,23.0,153,7,45,616,0,0,322.11,0
103,42,5,31.24,91,14,42,206,0,0,232.75,0
104,24,23,25.37,174,6,6,43,0,1,133.24,0
105,26,10,5.08,87,26,15,245,0,1,171.99,0
106,41,44,26.79,158,5,44,287,0,1,328.55,0
107,18,2,6.75,175,0,46,355,1,0,299.47,0
108,61,13,24.9,177,14,47,476,1,1,354.85,0
109,25,40,35.98,175,22,26,83,1,1,314.95,0
110,41,2,35.19,84,25,22,110,0,1,237.83,0
111,28,84,40.09,82,6,23,190,1,1,288.45,0
112,68,65,6.62,146,28,8,251,0,0,190.57,0
113,34,63,39.48,194,29,34,724,0,1,427.4,0
114,25,73,19.42,68,24,19,291,1,0,272.63,0
115,52,17,24.54,161,16,36,645,0,1,311.84,0
116,52,9,51.62,127,1,41,201,0,1,287.28,0
117,50,75,1.53,164,26,16,326,1,1,305.25,0
118,22,15,35.72,82,8,46,511,0,1,348.63,0
119,59,24,36.32,147,28,30,409,1,1,296.53,0
120,56,38,24.4,156,8,7,607,0,1,188.66,0
121,58,35,14.98,168,12,14,508,1,1,216.16,0
122,45,94,14.85,84,5,30,601,0,1,278.13,0
123,24,95,53.14,113,5,29,72,0,1,270.93,0
124,26,49,27.08,76,19,45,247,1,1,370.5,0
125,25,69,20.52,122,19,19,641,0,0,245.14,0
126,29,62,27.48,143,20,38,724,0,1,399.57,0
127,51,60,40.49,41,2,11,608,0,0,165.75,0
128,50,50,9.6,167,16,48,587,0,1,381.98,0
129,65,78,27.52,2,16,16,566,0,0,201.37,0
130,40,75,35.69,191,11,41,344,0,1,401.55,0
131,41,9,56.97,29,15,29,54,1,1,253.08,0
132,54,34,15.9,105,14,28,528,0,1,248.07,0
133,52,76,22.2,194,12,18,611,0,1,260.48,0
134,61,99,23.38,51,22,45,532,0,0,387.44,0
135,57,35,36.73,75,0,10,558,0,0,132.58,1
136,39,1,22.05,10,16,33,193,1,0,220.93,0
137,44,40,32.48,142,2,49,58,0,1,304.22,0
138,52,64,47.13,51,25,6,437,1,1,182.79,0
139,18,22,42.62,118,14,43,111,0,1,350.12,0
140,52,60,27.34,121,3,33,129,1,0,238.73,0
141,54,64,51.99,39,3,19,706,0,0,222.3,0
142,64,93,33.93,28,17,49,326,1,1,434.61,0
143,31,72,32.85,3,16,37,8,0,1,309.81,0
144,20,11,3.02,84,18,23,29,0,1,217.05,0
145,18,14,59.21,198,10,9,112,0,1,196.22,0
146,22,60,8.26,155,19,31,673,0,1,320.55,0
147,43,30,14.64,117,2,14,131,1,0,126.26,0
148,31,35,4.05,2,7,36,188,0,1,264.63,0
149,56,85,38.76,93,13,19,675,0,1,292.32,0
150,44,37,14.26,166,25,2,709,1,0,147.14,0
151,26,5,11.62,131,0,36,475,0,1,227.78,0
152,32,83,6.22,144,13,39,364,1,0,350.05,0
153,32,78,7.1,94,1,7,204,1,1,154.51,0
154,43,26,35.5,40,28,39,212,0,0,304.39,0
155,59,62,41.6,2,22,43,621,1,1,395.68,0
156,30,4,24.45,81,3,22,276,0,0,113.33,0
157,68,89,29.31,169,23,39,73,0,1,423.84,0
158,49,42,41.47,12,26,10,679,0,1,180.48,0
159,56,89,2.03,163,28,45,243,0,1,431.61,0
160,66,18,20.06,65,18,7,102,1,1,157.74,0
161,69,40,58.41,55,5,28,685,1,1,284.21,0
162,49,72,35.23,45,24,29,171,0,0,281.47,0
163,21,39,16.0,101,0,9,653,0,0,131.37,0
164,47,14,31.78,62,16,38,188,1,0,287.53,0
165,54,32,21.22,49,7,27,441,0,1,210.72,0
166,40,51,32.4,127,18,48,86,0,0,333.66,0
167,56,38,8.42,153,20,35,476,0,1,295.05,0
168,62,97,8.83,23,0,12,52,1,1,176.67,0
169,32,23,9.47,152,4,31,111,0,0,215.02,0
170,60,63,56.45,38,26,35,43,1,0,311.2,0
171,46,15,44.24,28,15,36,211,1,0,303.13,0
172,53,97,10.58,21,5,25,200,0,1,260.07,0
173,30,25,12.11,182,7,21,627,0,0,204.15,0
174,49,17,44.12,107,12,3,26,1,0,130.82,0
175,24,97,10.21,146,15,30,299,0,1,321.68,0
176,68,66,14.84,164,29,17,77,1,1,284.37,0
177,39,78,57.84,99,2,37,137,1,0,332.69,0
178,45,53,16.06,173,18,23,20,1,0,255.88,0
179,19,51,40.04,119,11,22,440,1,0,236.71,0
180,59,39,58.74,73,15,21,211,1,1,275.27,0
181,62,51,23.08,181,26,1,551,1,1,215.74,0
182,23,70,2.03,122,10,30,435,0,0,224.92,0
183,45,6,15.4,30,9,10,207,0,0,75.78,0
184,45,67,50.02,188,24,27,439,0,1,326.66,0
185,61,7,52.01,108,19,45,666,1,1,356.8,0
186,61,51,46.34,98,3,31,42,0,0,266.36,0
187,37,72,7.67,32,11,4,411,1,1,152.94,0
188,47,42,47.94,195,22,37,523,0,0,323.04,0
189,28,64,55.2,195,1,9,610,1,0,201.04,0
190,45,15,36.44,156,23,39,427,0,1,352.89,0
191,42,29,56.51,172,21,45,275,1,1,401.96,0
192,56,33,49.78,79,18,23,448,0,1,236.46,0
193,50,94,40.35,41,24,34,369,0,1,354.68,0
194,18,27,35.05,63,4,43,220,0,1,335.99,0
195,44,36,21.57,23,7,47,577,1,1,346.85,0
196,69,29,10.4,104,6,22,232,0,1,225.36,0
197,30,38,36.69,75,13,16,328,0,1,189.25,0
198,58,57,19.77,48,23,0,443,1,1,153.78,0
199,20,97,52.12,160,22,30,52,1,0,359.13,0
200,56,27,59.61,57,2,30,376,1,1,261.8,0
201,23,55,45.39,118,17,41,263,0,1,372.87,0
202,25,33,6.34,100,15,41,267,0,1,299.03,0
203,44,68,18.03,124,22,33,359,1,0,340.34,0
204,26,86,7.44,161,18,8,317,0,1,188.0,0
205,54,66,39.38,152,18,21,324,1,1,268.45,0
206,50,10,46.15,167,17,12,666,0,0,226.21,0
207,68,5,55.61,34,19,24,652,0,1,216.04,0
208,59,74,26.85,184,15,47,563,0,0,412.78,0
209,61,97,54.18,156,7,17,629,0,0,290.94,0
210,41,38,52.8,165,27,11,421,0,1,193.33,0
211,32,13,19.71,7,0,39,46,0,1,257.6,0
212,49,31,52.27,196,16,16,600,1,1,276.81,0
213,49,47,23.16,165,11,14,720,0,0,232.99,0
214,41,88,18.52,56,29,41,269,1,1,372.11,0
215,58,52,39.3,65,20,14,601,1,0,241.0,0
216,69,56,20.37,193,10,14,381,0,0,188.82,0
217,66,15,38.18,47,4,38,118,0,0,260.05,0
218,66,29,36.98,148,26,12,566,1,1,237.09,0
219,69,8,34.24,19,11,16,116,1,1,177.06,0
220,29,5,23.44,157,16,31,630,1,1,295.5,0
221,56,29,33.36,188,5,8,260,1,1,144.09,0
222,19,47,36.19,146,0,39,75,1,0,246.68,0
223,20,68,33.2,163,4,19,480,0,1,254.7,0
224,66,76,27.22,171,24,25,305,0,1,312.94,0
225,54,45,1.87,126,27,26,7,1,1,296.44,0
226,66,2,35.64,139,13,20,366,0,0,182.8,0
227,34,27,10.94,49,4,17,634,1,1,219.41,0
228,66,95,38.91,113,21,12,523,0,1,259.83,0
229,19,36,45.8,38,23,15,348,0,1,200.22,0
230,19,36,30.53,64,26,8,438,1,1,203.87,0
231,45,26,33.0,69,0,11,215,0,0,104.23,0
232,40,43,57.14,136,29,43,429,0,1,403.21,0
233,54,27,50.98,162,17,37,498,0,0,294.9,0
234,49,69,54.94,176,15,18,540,1,1,296.2,0
235,50,20,49.01,116,8,6,367,0,1,134.09,0
236,18,11,7.43,184,18,34,313,1,0,270.72,0
237,36,74,9.79,65,21,47,538,0,1,427.27,0
238,19,38,32.07,31,4,17,54,1,1,161.24,0
239,61,6,15.52,132,26,15,541,1,0,199.02,0
240,43,72,29.13,113,1,38,467,0,1,307.05,0
241,49,23,24.27,109,29,3,164,0,0,140.56,0
242,23,47,33.42,178,14,24,334,0,1,254.6,0
243,49,90,45.07,69,6,31,547,1,1,340.08,0
244,21,46,43.21,158,3,39,348,0,1,372.39,0
245,28,12,31.75,120,0,12,273,1,1,142.34,0
246,34,90,49.52,88,12,44,720,0,1,422.5,0
247,55,13,26.42,187,19,16,414,0,1,212.85,0
248,41,62,53.91,67,21,48,500,0,0,414.67,0
249,22,82,5.21,75,6,36,93,0,1,346.13,0
250,69,89,57.32,45,14,5,685,0,1,188.49,0
251,51,97,39.63,4,22,18,79,1,0,213.69,0
252,23,60,23.42,154,13,12,622,1,1,256.01,0
253,39,43,12.63,155,22,25,217,0,1,281.14,0
254,28,76,29.27,174,18,13,358,1,1,278.03,0
255,65,68,12.48,107,21,30,618,1,0,298.8,0
256,33,5,10.81,192,28,3,507,1,0,142.16,0
257,50,37,37.42,51,23,38,559,0,0,329.0,0
258,26,72,31.86,50,19,7,181,0,1,188.95,0
259,23,92,40.54,6,28,24,576,0,0,252.02,0
260,33,31,55.85,59,23,12,246,1,1,226.78,0
261,46,9,32.4,125,17,31,244,0,0,259.9,0
262,20,51,35.27,143,9,37,506,0,1,325.95,0
263,37,29,6.29,30,8,37,422,0,0,273.48,0
264,53,78,43.34,170,24,27,320,0,1,326.81,0
265,36,40,24.59,122,7,29,87,1,0,249.66,0
266,43,41,58.63,125,25,2,217,0,1,195.03,0
267,20,86,49.57,37,29,27,490,0,0,307.02,0
268,36,11,31.83,170,28,2,519,1,1,155.81,0
269,37,23,8.27,124,9,44,278,1,1,338.27,0
270,49,1,51.71,101,16,33,722,1,0,270.21,0
271,24,46,48.19,35,1,15,169,1,1,201.51,0
272,69,21,11.89,87,5,21,330,1,1,201.57,0
273,58,90,18.42,134,25,31,650,0,0,335.5,0
274,50,36,47.81,196,4,37,441,0,1,307.36,0
275,57,54,11.93,18,27,7,391,1,0,156.08,0
276,56,87,55.15,113,29,7,496,1,1,282.8,0
277,35,57,26.05,29,8,5,381,1,1,131.91,0
278,57,1,6.14,77,4,13,306,0,0,99.74,0
279,18,63,49.13,59,17,31,673,0,1,294.6,0
280,28,54,23.04,175,25,34,513,0,1,331.0,0
281,45,55,32.06,126,19,9,188,0,1,198.39,0
282,42,40,7.63,145,8,2,516,0,1,134.91,0
283,67,15,1.15,109,16,11,644,1,1,213.33,0
284,40,21,38.64,22,26,48,427,0,1,350.15,0
285,48,47,31.4,68,16,30,502,0,0,259.94,0
286,47,73,36.02,69,11,28,260,0,1,254.61,0
287,59,53,47.83,165,6,4,513,1,1,199.42,0
288,52,9,39.15,49,26,24,71,0,1,237.66,0
289,24,74,11.31,141,2,40,478,0,1,368.08,0
290,33,52,22.29,162,9,30,178,0,1,311.84,0
291,43,57,54.45,109,1,20,457,0,1,239.39,0
292,65,26,46.43,86,24,19,189,1,1,235.69,0
293,69,41,33.84,53,2,38,291,1,0,277.63,0
294,66,35,16.08,123,15,21,520,0,1,229.52,0
295,19,63,18.82,87,1,3,292,0,1,145.92,0
296,18,25,44.19,179,27,12,635,1,0,252.22,0
297,65,90,51.22,131,23,44,283,0,1,416.14,0
298,29,75,40.61,42,9,41,544,0,1,314.65,0
299,22,38,48.76,98,5,49,377,0,0,371.19,0
300,54,2,46.23,160,21,48,658,1,0,389.11,0
301,49,7,9.83,109,25,19,156,0,0,180.05,0
302,26,82,26.01,51,10,12,508,0,1,212.32,0
303,58,91,10.03,85,22,16,413,1,0,246.27,0
304,52,34,14.88,174,6,35,528,0,0,305.57,0
305,36,91,52.29,127,26,32,355,0,1,333.95,0
306,65,17,28.9,21,28,0,559,1,0,102.09,0
307,33,43,32.59,44,14,14,187,0,0,194.32,0
308,20,59,11.53,139,5,12,31,1,0,189.55,0
309,37,51,19.42,103,19,16,260,0,1,256.36,0
310,41,54,14.58,68,26,23,421,0,1,237.77,0
311,50,24,13.16,129,8,7,529,0,0,142.5,0
312,41,25,38.64,92,21,49,551,0,1,401.08,0
313,69,71,16.16,191,19,26,304,0,1,275.73,0
314,28,52,38.29,24,11,44,39,1,0,317.01,0
315,66,70,4.45,125,18,22,489,0,0,242.77,0
316,25,88,9.36,141,19,45,644,0,0,358.37,0
317,53,33,17.2,111,2,7,542,0,1,127.35,0
318,55,49,36.23,98,14,7,670,1,1,210.08,0
319,57,29,40.87,139,1,25,278,0,0,204.38,0
320,37,63,27.12,179,29,46,203,0,1,430.86,0
321,52,22,27.3,17,20,12,66,0,0,137.46,0
322,65,26,43.75,99,1,38,108,0,1,279.79,0
323,42,28,1.93,82,21,36,268,0,1,277.02,0
324,52,85,21.12,104,2,48,222,1,0,381.18,0
325,42,49,49.3,152,5,27,530,0,1,249.11,0
326,46,71,36.59,19,14,24,90,0,0,226.17,0
327,35,81,20.9,165,26,15,693,0,1,309.82,0
328,63,84,54.43,85,9,1,255,1,0,147.77,0
329,35,49,46.58,8,8,17,455,0,1,176.94,0
330,19,20,16.63,28,0,16,253,0,0,130.39,0
331,52,86,39.07,5,15,29,257,0,1,288.04,0
332,33,92,36.15,145,5,38,383,0,0,354.44,0
333,58,63,24.67,101,8,12,442,0,1,192.84,0
334,53,61,22.65,164,26,31,599,0,0,275.24,0
335,50,49,21.27,118,3,49,90,0,1,376.63,0
336,21,71,37.41,147,26,28,390,0,0,358.71,0
337,50,1,27.1,64,27,45,582,0,0,344.87,0
338,31,96,50.08,91,1,29,44,0,1,223.14,0
339,38,13,40.51,117,28,17,712,0,0,226.22,0
340,65,94,5.13,98,3,12,664,1,0,185.61,0
341,37,87,38.77,11,0,42,598,1,1,323.86,0
342,25,51,17.0,54,18,20,19,1,1,236.83,0
343,24,56,35.98,173,25,29,101,1,0,321.33,0
344,20,83,41.13,47,24,20,607,1,1,304.38,0
345,34,62,14.62,140,9,47,357,1,1,391.78,0
346,50,32,27.95,149,20,16,542,0,0,187.7,0
347,65,30,12.23,139,14,39,33,1,1,312.44,0
348,29,29,4.09,5,26,18,229,0,1,175.67,0
349,68,49,23.33,184,21,14,524,0,1,207.42,0
350,39,45,22.41,20,18,8,630,1,0,125.47,0
351,39,93,59.73,169,15,9,155,0,1,244.94,0
352,63,30,27.33,46,20,43,423,0,0,337.1,0
353,47,16,20.68,12,26,30,246,1,0,233.25,0
354,55,40,35.25,70,23,22,405,0,0,214.08,0
355,55,19,6.24,17,21,29,541,0,1,212.11,0
356,62,18,57.74,115,3,32,161,1,1,276.4,0
357,68,1,38.46,147,1,8,702,1,1,171.96,0
358,25,78,45.54,154,29,46,117,0,1,479.26,0
359,44,47,11.06,48,24,0,271,0,0,112.26,0
360,44,66,25.16,108,12,43,692,0,0,349.02,0
361,51,92,25.94,52,27,34,487,1,0,334.94,0
362,38,94,49.49,96,0,10,172,0,0,170.85,0
363,47,38,1.07,70,16,33,274,0,1,282.3,0
364,50,51,18.75,183,12,15,259,0,1,217.96,0
365,45,63,58.89,102,3,8,135,0,0,151.4,0
366,64,4,29.02,75,6,31,683,1,0,228.96,0
367,50,1,23.57,161,16,14,722,0,0,160.51,0
368,22,8,8.07,190,8,11,422,1,1,178.18,0
369,65,29,58.48,151,3,32,421,0,1,245.27,0
370,36,55,2.18,143,18,44,186,1,1,390.09,0
371,21,3,44.49,155,0,13,364,1,1,223.36,0
372,52,32,46.35,192,9,7,607,0,1,175.27,0
373,66,10,15.38,179,3,7,378,0,0,118.83,0
374,34,74,40.62,181,8,26,523,0,0,303.9,0
375,61,83,6.48,82,12,11,580,1,1,239.34,0
376,45,34,16.17,92,13,0,722,0,1,113.54,1
377,47,97,47.49,179,9,42,196,1,0,361.2,0
378,46,87,52.02,175,5,39,98,1,1,390.81,0
379,63,55,36.9,4,15,41,605,1,1,342.02,0
380,23,92,30.9,135,5,10,22,1,1,215.78,0
381,52,32,10.4,109,16,38,450,0,1,306.63,0
382,58,50,4.72,163,9,42,172,0,1,339.77,0
383,54,7,7.94,48,17,30,383,0,1,237.47,0
384,41,93,14.41,73,26,16,134,1,0,255.48,0
385,46,8,21.16,72,21,32,426,1,0,255.15,0
386,66,65,23.47,116,17,31,25,1,0,304.12,0
387,63,57,21.43,173,2,28,503,0,0,250.27,0
388,48,67,15.1,81,19,20,185,0,1,255.19,0
389,52,88,31.07,81,26,20,85,1,1,281.19,0
390,50,87,49.69,113,20,39,567,0,0,371.15,0
391,69,59,17.5,96,24,22,144,0,1,226.26,0
392,38,72,56.6,72,27,5,679,1,0,203.88,0
393,49,54,52.53,147,14,21,412,0,0,261.25,0
394,40,67,10.54,63,14,49,224,0,0,330.58,0
395,50,51,47.39,38,3,37,220,0,0,259.89,0
396,20,97,34.9,67,28,36,179,0,0,304.63,0
397,35,92,34.43,187,26,44,631,1,1,435.67,0
398,42,8,24.07,69,8,7,433,0,1,92.47,1
399,59,34,30.57,13,26,40,265,0,1,319.82,0
400,48,35,24.43,175,25,48,429,0,0,393.16,0
401,20,96,32.84,189,18,34,662,1,0,381.04,0
402,57,88,38.05,31,23,10,416,0,0,189.69,0
403,63,78,40.78,114,27,23,453,0,1,301.17,0
404,41,32,32.42,22,16,48,727,0,0,345.17,0
405,67,46,43.56,93,10,20,197,0,1,227.98,0
406,49,16,9.34,171,24,1,554,0,1,141.27,0
407,64,68,13.51,67,8,39,53,1,1,347.78,0
408,39,37,49.31,54,9,18,480,1,1,258.15,0
409,40,54,20.03,138,17,38,443,0,0,298.56,0
410,19,85,2.35,42,19,27,330,0,0,269.93,0
411,44,14,10.07,64,12,16,251,1,0,216.85,0
412,59,95,14.19,126,7,5,123,0,1,182.06,0
413,19,55,57.48,21,6,18,387,1,0,204.19,0
414,43,48,34.81,194,16,37,339,0,0,332.37,0
415,34,82,56.03,169,20,27,348,1,1,367.68,0
416,57,7,34.93,152,22,1,29,1,0,142.64,0
417,50,74,29.28,35,14,37,35,1,1,303.14,0
418,26,7,19.51,184,19,36,518,1,1,330.79,0
419,60,33,36.78,30,14,3,396,0,0,53.32,0
420,65,23,9.21,57,0,21,623,1,0,161.88,0
421,56,85,54.0,47,24,25,294,0,0,264.33,0
422,46,19,49.93,163,13,48,589,0,1,389.03,0
423,59,19,19.73,19,4,42,349,1,1,251.72,0
424,43,36,57.22,114,10,35,147,1,1,310.0,0
425,52,29,49.69,8,15,12,67,1,1,190.92,0
426,67,60,40.31,26,1,31,520,0,1,243.13,0
427,42,82,8.18,113,7,16,122,1,0,172.73,0
428,41,2,29.22,71,10,40,340,1,0,280.36,0
429,30,1,30.86,30,28,35,175,0,1,265.0,0
430,24,47,14.72,135,17,45,691,0,0,352.16,0
431,53,69,5.72,67,2,18,597,0,0,164.2,0
432,62,20,46.83,65,29,34,451,0,1,349.22,0
433,37,11,8.2,36,25,45,557,1,1,309.98,0
434,18,2,36.06,25,0,39,136,1,1,314.72,0
435,25,67,56.25,37,10,27,16,1,1,272.83,0
436,63,87,52.69,1,15,0,333,1,0,145.27,0
437,33,12,17.39,143,17,41,195,0,1,309.3,0
438,31,20,51.24,37,29,17,496,1,0,205.21,0
439,29,5,1.02,141,15,47,9,0,0,293.39,0
440,68,37,2.04,136,22,39,334,1,1,357.33,0
441,40,38,36.55,133,9,32,333,0,0,241.02,0
442,32,94,22.52,188,17,11,327,1,1,277.48,0
443,45,9,23.8,128,5,7,15,0,0,54.61,0
444,51,98,34.3,127,18,23,614,0,1,317.3,0
445,19,53,12.32,1,3,15,226,1,0,164.46,0
446,49,44,13.49,164,26,49,425,0,1,386.25,0
447,40,99,29.59,35,12,3,408,1,1,196.23,0
448,39,86,45.5,194,23,37,113,0,0,380.14,0
449,68,24,37.55,191,13,43,428,1,0,385.0,0
450,42,81,18.54,104,2,26,1,0,0,217.99,0
451,39,74,26.39,23,9,8,266,0,0,195.03,0
452,39,30,11.07,9,5,46,491,0,1,250.34,0
453,66,59,5.4,34,0,15,208,0,1,146.07,0
454,69,87,47.18,174,22,11,622,0,0,215.96,0
455,59,96,16.66,128,23,30,712,0,0,364.89,0
456,23,81,11.49,4,26,23,369,0,0,238.59,0
457,32,81,41.81,158,13,13,306,0,1,243.59,0
458,60,14,37.47,102,7,44,12,0,0,297.64,0
459,54,9,38.36,75,18,24,345,1,1,241.28,0
460,50,40,14.5,99,13,33,465,0,1,272.37,0
461,25,66,14.73,72,9,2,700,0,0,96.13,0
462,61,25,14.03,3,16,23,666,1,1,220.51,0
463,61,73,11.25,142,8,41,494,0,1,358.98,0
464,22,22,39.69,188,28,8,368,1,1,243.91,0
465,56,4,51.03,173,5,25,420,0,0,256.67,1
466,21,26,43.73,34,10,19,171,0,0,125.71,0
467,23,58,47.73,45,24,39,134,0,1,345.79,0
468,62,29,24.88,61,6,9,427,1,1,172.11,0
469,49,98,39.59,83,16,18,25,1,1,273.2,0
470,69,87,21.9,123,27,2,530,0,1,158.39,0
471,47,37,32.0,102,27,23,190,0,1,238.48,0
472,64,75,29.42,16,0,4,141,1,1,137.5,0
473,52,70,11.44,66,21,2,555,0,0,145.26,0
474,57,18,23.84,168,4,26,658,0,1,255.63,0
475,69,85,57.87,145,8,15,315,1,1,250.21,0
476,33,42,15.67,119,17,48,444,1,1,396.91,0
477,30,41,8.89,162,23,14,319,0,1,206.31,0
478,67,38,25.7,124,26,34,441,1,0,324.77,0
479,59,34,47.63,144,20,11,92,1,1,221.22,0
480,47,17,35.35,102,1,40,179,0,1,266.34,0
481,36,37,41.18,188,28,43,56,0,0,406.27,0
482,34,25,12.19,66,25,25,155,0,1,206.48,0
483,36,76,37.52,194,10,46,672,1,0,409.77,0
484,45,87,20.09,13,26,33,111,1,0,296.41,0
485,43,86,50.22,184,27,22,137,0,0,348.23,0
486,54,85,38.13,111,5,30,232,1,1,326.57,0
487,43,27,12.73,159,25,49,468,0,1,382.74,0
488,40,57,4.81,34,7,19,481,0,1,187.23,0
489,26,31,3.52,39,3,11,68,0,1,155.25,0
490,29,6,22.91,195,17,22,249,0,1,221.91,0
491,18,91,16.69,136,27,3,323,1,0,175.32,0
492,18,40,39.12,120,10,22,518,0,0,231.94,0
493,64,98,30.46,126,4,47,432,1,1,417.94,0
494,51,12,16.7,55,14,47,487,0,0,315.41,0
495,49,53,9.81,27,27,0,606,0,1,150.08,0
496,65,71,8.5,118,17,24,429,1,1,322.94,0
497,42,10,52.01,53,1,1,269,0,1,43.72,1
498,57,45,15.37,39,21,29,709,0,1,246.81,0
499,62,17,39.45,65,10,2,537,0,0,100.61,0
500,18,26,48.83,145,25,20,148,1,0,232.76,0
501,33,85,37.23,158,24,24,118,0,1,291.94,0
502,56,92,51.71,181,12,19,367,0,0,311.81,0
503,22,62,24.15,13,3,48,66,0,1,298.3,0
504,39,46,57.42,21,21,21,370,0,0,215.28,0
505,46,64,8.86,147,6,20,175,1,1,244.44,0
506,20,2,7.03,53,28,32,588,0,1,292.96,0
507,29,54,39.86,19,10,37,495,0,1,263.45,0
508,43,65,56.63,57,21,14,114,0,0,215.7,0
509,33,51,48.72,25,23,45,111,0,0,324.77,0
510,68,53,5.51,31,3,14,439,1,1,179.99,0
511,54,36,17.48,81,27,45,715,0,0,331.6,0
512,39,26,55.89,183,14,24,147,1,1,317.13,0
513,46,29,15.93,23,0,20,35,0,1,136.15,0
514,31,21,47.09,32,22,23,309,0,1,182.79,0
515,45,11,49.68,190,2,4,538,1,1,140.12,0
516,22,40,30.23,74,13,5,14,0,0,113.17,0
517,64,11,23.79,10,5,48,374,1,1,331.42,0
518,66,36,27.56,54,17,42,557,1,1,317.15,0
519,47,59,14.39,52,24,47,428,0,1,352.08,0
520,63,39,53.47,148,0,43,728,0,1,364.81,0
521,69,99,27.59,160,5,46,233,1,1,386.25,0
522,22,54,53.07,114,5,22,705,0,0,232.26,0
523,29,98,7.24,14,20,3,563,0,0,146.41,0
524,33,55,59.31,178,15,26,726,0,1,322.63,0
525,43,24,27.15,156,28,17,663,0,0,214.54,0
526,43,22,3.82,110,4,20,440,1,1,181.47,0
527,65,69,3.24,53,16,27,502,0,1,269.96,0
528,38,56,45.03,152,9,34,275,0,0,284.7,0
529,56,33,39.88,79,27,21,76,1,0,212.76,0
530,53,36,48.33,22,20,39,439,0,1,342.6,0
531,50,20,7.22,30,17,22,699,0,0,191.35,0
532,47,83,3.1,191,6,2,289,1,1,218.68,0
533,54,99,31.01,4,2,39,540,0,1,335.98,0
534,40,81,23.87,59,12,49,692,1,1,382.91,0
535,27,62,28.25,8,14,9,253,1,1,178.41,0
536,22,98,59.5,12,19,24,126,0,0,249.76,0
537,53,73,58.27,119,18,48,177,0,1,384.44,0
538,51,26,56.6,159,2,7,37,0,0,122.5,0
539,69,66,47.25,34,3,10,410,0,0,163.56,0
540,48,73,21.94,82,4,4,611,1,1,169.89,0
541,27,73,25.32,98,0,44,610,1,1,337.14,0
542,36,40,33.43,127,3,36,127,0,0,262.11,0
543,49,17,50.0,75,11,44,483,1,1,340.0,0
544,18,1,5.05,105,27,37,168,1,1,276.6,0
545,22,89,26.03,49,26,28,592,1,0,329.82,0
546,62,61,5.87,79,23,4,294,0,0,136.54,0
547,21,43,31.36,185,9,8,638,0,1,166.43,0
548,33,42,54.04,93,22,47,343,0,1,362.14,0
549,41,25,47.17,154,24,1,310,1,1,201.9,0
550,33,39,14.44,18,20,0,662,0,1,106.14,0
551,19,35,58.58,96,28,39,528,0,0,369.56,0
552,66,3,40.37,38,25,29,540,0,1,284.63,0
553,45,44,1.62,87,19,10,419,0,1,194.44,0
554,49,51,16.07,88,23,27,444,0,1,269.55,0
555,44,94,16.38,50,24,43,685,1,0,335.73,0
556,37,98,5.09,8,12,11,558,0,0,176.06,0
557,41,12,57.63,169,22,38,236,0,0,365.57,0
558,29,19,29.22,134,13,25,439,0,1,246.18,0
559,67,44,53.85,69,22,12,214,0,1,164.61,0
560,52,59,20.01,172,4,7,85,0,1,154.81,0
561,50,49,8.39,121,3,27,85,0,0,213.72,0
562,50,61,28.99,64,13,29,489,0,0,236.32,0
563,68,17,7.72,157,9,8,65,0,1,85.78,0
564,60,74,29.67,156,16,38,646,0,1,367.8,0
565,54,57,55.3,139,9,30,663,0,1,295.11,0
566,29,55,31.73,121,25,20,627,1,0,306.26,0
567,20,47,37.37,65,6,46,64,1,1,354.09,0
568,18,12,10.24,107,15,33,343,0,0,256.27,0
569,50,62,3.58,147,0,30,352,0,0,245.15,0
570,57,80,7.54,137,16,24,158,1,1,295.2,0
571,27,88,36.31,155,20,11,589,0,0,206.09,0
572,60,83,6.61,162,28,0,491,1,0,172.32,0
573,61,8,23.18,172,8,21,658,1,1,254.42,0
574,46,95,33.46,196,5,39,463,0,1,385.38,0
575,30,21,23.93,100,18,36,225,0,1,288.29,0
576,29,81,10.66,82,12,46,313,1,1,396.81,0
577,48,87,17.15,143,2,0,615,0,0,142.69,0
578,63,80,55.77,51,6,0,466,0,0,162.02,0
579,19,70,40.88,141,21,41,88,0,1,388.86,0
580,68,72,30.27,83,8,41,303,0,1,316.64,0
581,67,25,1.75,177,21,20,680,1,1,255.56,0
582,52,82,59.55,198,4,14,435,1,0,263.43,0
583,40,89,40.62,112,9,16,682,1,1,287.66,0
584,34,12,19.7,56,22,21,135,0,0,152.25,0
585,43,15,52.88,179,16,37,50,0,1,330.91,0
586,25,59,16.25,165,11,34,432,0,1,305.02,0
587,46,26,33.1,145,22,44,340,0,1,355.72,0
588,43,26,38.53,186,15,15,347,0,1,240.42,0
589,27,47,14.04,157,2,7,646,1,1,190.86,0
590,43,32,58.73,161,29,46,347,1,1,415.34,0
591,51,10,45.14,60,24,16,649,0,1,201.29,0
592,68,16,33.91,120,21,16,245,1,0,190.13,0
593,58,71,11.66,183,8,25,109,0,1,332.74,0
594,24,17,4.18,138,28,12,533,0,0,186.92,0
595,21,23,19.88,175,14,16,90,1,1,206.75,0
596,67,26,45.44,23,4,37,296,0,1,289.08,0
597,62,85,16.89,149,22,16,112,1,1,303.33,0
598,28,86,32.83,13,12,47,589,1,0,407.93,0
599,46,7,43.95,101,13,13,177,0,0,189.57,0
600,53,14,7.37,161,19,44,343,1,1,371.9,0
601,42,79,41.43,24,14,5,660,0,1,166.12,0
602,38,7,6.42,108,15,34,101,0,1,255.38,0
603,53,9,57.94,11,22,45,629,0,0,309.91,0
604,27,48,29.82,17,12,13,604,0,1,168.71,0
605,54,72,9.89,196,16,46,401,1,1,445.76,0
606,26,59,21.2,175,22,7,28,0,0,187.27,0
607,41,87,25.39,25,7,14,537,1,0,214.86,0
608,52,93,45.73,94,20,26,58,0,1,324.96,0
609,66,82,44.86,21,1,12,498,0,1,157.72,0
610,52,95,37.1,84,4,48,297,1,1,369.15,0
611,65,94,7.25,140,5,30,134,0,1,272.27,0
612,53,39,9.94,37,11,34,331,0,1,252.06,0
613,35,99,6.53,42,17,5,249,0,1,178.23,0
614,66,18,35.05,145,29,4,550,0,0,144.86,0
615,56,59,52.75,101,21,21,75,0,0,260.84,0
616,49,17,26.59,48,21,48,654,1,1,355.92,0
617,41,14,10.49,103,0,22,168,0,1,181.74,0
618,40,31,33.92,28,29,24,503,0,1,256.57,0
619,49,24,48.89,41,16,33,355,1,1,324.83,0
620,54,99,44.76,99,29,25,225,0,0,293.88,0
621,29,60,53.01,47,10,46,664,1,1,428.15,0
622,66,45,17.4,146,9,4,531,0,0,118.63,0
623,30,98,12.44,105,18,25,146,0,1,270.24,0
624,40,3,52.91,124,13,19,241,1,1,218.54,0
625,42,37,39.8,199,25,5,344,0,1,271.68,0
626,52,43,19.34,13,9,5,35,1,1,139.37,0
627,58,40,44.8,141,14,49,702,0,0,390.0,0
628,47,90,49.09,100,27,17,1,0,1,296.77,0
629,34,55,37.28,31,18,3,153,0,0,107.21,0
630,66,87,41.59,130,3,16,429,0,1,243.9,0
631,37,39,23.14,16,1,13,508,1,1,156.08,0
632,65,15,32.78,137,8,13,126,0,1,202.69,0
633,42,4,31.93,73,9,12,491,1,1,157.51,1
634,39,93,51.03,166,27,6,482,1,0,246.89,0
635,30,86,50.56,54,10,43,345,0,1,345.88,0
636,36,25,50.13,184,13,14,221,0,0,199.89,0
637,66,13,1.65,100,6,18,723,1,1,191.94,0
638,53,82,45.22,109,22,42,25,1,0,361.08,0
639,29,33,45.76,87,14,46,528,0,0,350.1,0
640,58,16,41.02,173,21,43,182,0,1,364.71,0
641,36,42,45.62,162,18,34,499,0,1,357.66,0
642,29,66,50.68,137,21,16,641,1,0,290.41,0
643,26,55,28.75,8,14,34,42,0,0,258.9,0
644,24,99,30.62,7,29,18,481,1,1,266.1,0
645,45,42,8.36,36,27,19,439,0,0,185.25,0
646,31,34,23.74,18,23,35,402,0,0,305.65,0
647,48,30,38.96,3,7,34,546,0,1,257.81,0
648,69,13,47.04,28,10,31,345,0,0,252.24,0
649,36,13,13.82,70,28,47,45,0,1,356.58,0
650,64,18,9.13,172,8,43,646,0,1,343.16,0
651,33,32,40.12,149,14,39,21,0,1,349.25,0
652,22,96,1.11,28,0,23,634,0,1,206.77,0
653,52,99,11.52,54,29,16,70,0,1,261.5,0
654,29,39,2.72,182,0,6,48,1,0,105.48,0
655,42,46,10.85,65,18,42,491,0,0,307.65,0
656,69,29,11.7,100,2,49,551,0,1,344.97,0
657,38,62,23.87,21,9,0,287,0,0,67.27,0
658,53,93,24.74,13,7,34,10,1,1,315.76,0
659,40,62,52.58,57,14,31,542,0,1,272.86,0
660,33,57,31.1,49,9,35,274,1,0,308.9,0
661,56,16,43.68,118,0,12,600,1,1,158.15,0
662,62,56,7.14,54,28,5,381,1,1,161.45,0
663,59,10,14.3,138,17,13,329,0,1,147.52,0
664,56,30,42.47,53,1,36,479,1,1,270.53,0
665,31,25,4.12,44,18,47,15,0,1,285.31,0
666,48,84,29.71,47,12,14,516,0,1,204.71,0
667,22,5,36.36,53,21,46,191,1,1,368.69,0
668,52,65,36.53,74,0,3,168,0,1,121.85,0
669,40,94,2.35,46,1,39,521,1,0,285.04,0
670,46,49,20.0,13,28,15,621,0,0,196.45,0
671,60,3,38.55,165,15,27,137,1,1,270.67,0
672,28,45,9.79,102,14,15,154,0,0,213.91,0
673,35,14,42.03,24,12,3,388,0,0,98.49,0
674,64,30,45.01,2,15,44,209,0,1,321.0,0
675,29,68,58.94,81,16,25,272,1,0,300.81,0
676,26,18,13.38,100,20,27,143,0,1,243.66,0
677,27,62,49.68,142,28,31,611,0,1,356.05,0
678,61,37,31.7,138,28,44,69,0,1,411.31,0
679,34,25,23.03,163,6,1,247,1,1,101.24,0
680,55,48,8.22,153,23,30,261,0,0,303.49,0
681,24,65,44.39,131,25,2,79,0,1,190.46,0
682,63,53,14.92,111,16,7,658,0,1,171.19,0
683,30,79,22.91,102,6,23,623,0,1,250.66,0
684,57,73,4.69,17,12,14,605,0,1,189.32,0
685,59,15,48.28,12,4,42,525,0,0,261.47,0
686,26,49,46.23,182,25,30,621,1,1,353.44,0
687,67,88,44.28,116,16,8,330,0,0,185.19,0
688,44,68,18.67,24,2,38,189,0,1,246.21,0
689,19,12,11.24,29,6,44,95,0,1,261.44,0
690,22,59,38.62,171,25,1,617,1,0,187.7,0
691,46,37,30.27,153,16,7,8,1,0,171.22,0
692,54,61,11.52,122,6,6,67,1,0,183.36,0
693,55,43,41.47,188,20,43,496,0,1,378.64,0
694,36,70,59.48,90,0,38,191,0,1,302.49,0
695,25,39,45.09,65,16,41,366,0,0,300.78,0
696,65,56,44.66,84,29,15,521,0,1,252.32,0
697,62,63,57.07,119,16,34,117,0,0,324.55,0
698,18,46,12.97,156,10,29,267,1,1,308.19,0
699,39,88,34.37,16,24,9,611,1,0,225.26,0
700,69,11,58.8,175,26,37,485,1,1,384.88,0
701,34,62,10.75,104,28,17,509,0,1,248.38,0
702,24,77,42.31,92,2,49,298,1,1,438.98,0
703,42,98,35.56,186,14,4,164,0,1,211.96,0
704,62,25,35.6,27,28,28,376,0,1,265.41,0
705,21,71,42.16,181,20,38,653,1,1,434.06,0
706,53,52,55.85,170,10,33,268,0,1,336.91,0
707,23,4,47.17,187,25,42,549,0,1,326.75,0
708,48,59,4.31,175,27,44,74,0,1,392.65,0
709,36,72,51.31,162,15,22,508,1,0,310.65,0
710,61,20,14.31,165,24,4,73,1,1,144.15,0
711,56,93,23.24,134,21,29,308,0,0,328.79,0
712,44,63,28.24,135,27,5,199,1,1,226.4,0
713,27,54,29.37,153,8,45,130,0,1,388.36,0
714,43,74,26.68,33,23,43,572,0,1,356.74,0
715,36,98,56.3,55,23,3,615,1,0,227.67,0
716,56,57,42.66,186,0,28,487,1,0,285.06,0
717,20,90,38.24,7,28,22,151,1,1,330.56,0
718,62,41,3.94,57,24,5,669,0,1,207.77,0
719,30,3,54.33,126,21,31,206,1,0,311.25,0
720,67,6,54.65,12,15,41,179,1,1,312.22,0
721,45,5,47.03,16,8,17,197,1,1,214.18,0
722,37,5,1.41,43,18,14,89,0,1,153.75,0
723,45,54,4.38,117,11,39,434,1,0,298.51,0
724,25,47,14.29,135,18,31,183,0,1,296.62,0
725,58,87,8.75,111,21,8,209,0,0,202.89,0
726,56,49,24.53,51,8,36,493,0,1,303.54,0
727,18,9,55.43,160,6,9,130,0,0,118.21,0
728,20,99,28.85,75,13,19,665,0,0,226.55,0
729,30,20,1.79,8,28,5,13,1,0,105.73,0
730,45,61,17.68,45,18,47,634,0,0,361.01,0
731,66,35,3.63,59,18,2,106,1,1,137.29,0
732,42,50,3.14,132,1,41,375,0,0,294.3,0
733,50,82,17.27,104,8,10,582,0,0,161.39,0
734,55,62,17.26,195,12,42,707,0,1,414.11,0
735,23,17,47.44,157,14,16,698,0,0,182.64,0
736,61,88,58.52,157,2,31,99,0,0,327.69,0
737,62,3,22.9,98,10,3,594,0,1,118.71,1
738,49,32,26.3,156,20,3,587,0,1,193.0,0
739,62,99,50.84,79,13,16,192,0,1,243.07,0
740,64,13,16.82,124,29,40,325,0,1,331.26,0
741,38,89,10.23,172,24,18,726,0,1,297.74,0
742,33,73,51.33,4,7,4,467,0,0,115.78,0
743,38,68,3.74,90,17,31,367,1,1,315.32,0
744,28,14,37.56,104,18,21,318,1,1,272.32,0
745,54,98,34.16,137,15,5,144,1,1,198.12,0
746,53,11,21.41,119,1,34,384,0,1,236.44,0
747,52,56,19.6,133,7,21,216,1,0,212.31,0
748,36,67,46.54,56,21,0,361,1,1,172.4,0
749,37,92,6.1,96,5,19,324,1,1,245.52,0
750,35,29,14.97,178,11,21,15,0,1,243.33,0
751,64,9,44.21,75,14,47,217,1,0,328.42,0
752,58,67,33.35,143,24,10,492,1,0,236.27,0
753,66,25,8.55,32,7,12,547,0,0,120.18,0
754,31,98,53.05,28,3,41,183,1,1,364.79,0
755,32,76,24.21,22,14,2,270,0,0,133.77,0
756,48,42,49.84,17,27,8,467,0,0,159.71,0
757,18,9,47.48,59,19,11,612,0,1,205.01,0
758,20,79,37.84,90,24,22,519,1,0,341.33,0
759,33,40,30.17,199,16,13,542,0,1,245.45,0
760,40,25,58.79,106,12,32,467,0,0,275.09,0
761,28,5,9.55,185,17,17,305,0,1,219.07,0
762,29,11,43.78,26,1,48,144,0,1,278.45,0
763,27,59,12.28,25,12,40,111,0,1,307.96,0
764,49,98,20.96,138,12,8,232,1,1,214.39,0
765,33,88,19.21,45,21,22,691,1,0,281.22,0
766,25,79,56.88,83,14,9,584,0,0,184.19,0
767,55,38,58.07,11,19,18,722,0,0,192.78,0
768,29,72,11.8,181,28,46,592,0,1,395.3,0
769,41,5,2.3,104,26,4,500,1,1,125.79,0
770,45,48,43.48,68,9,46,595,0,1,363.04,0
771,25,90,25.66,95,28,22,554,0,1,290.53,0
772,45,18,6.24,156,2,29,273,0,0,235.56,0
773,53,70,41.34,65,18,24,703,1,1,276.85,0
774,43,37,33.16,49,2,27,173,1,1,243.11,0
775,25,60,58.85,175,21,33,7,1,0,334.33,0
776,67,48,14.42,52,13,44,155,1,1,346.32,0
777,45,77,24.83,102,7,47,522,0,0,328.86,0
778,45,28,33.01,182,26,46,546,0,1,392.86,0
779,54,69,47.71,188,22,24,548,0,1,308.09,0
780,58,77,33.38,57,29,9,518,0,0,220.61,0
781,53,81,37.16,47,3,13,215,0,1,196.73,0
782,44,40,14.34,159,26,41,134,0,0,317.5,0
783,34,45,50.97,174,27,45,285,0,1,410.92,0
784,26,96,26.29,26,19,29,126,1,1,300.22,0
785,50,62,9.32,114,10,40,439,1,0,346.25,0
786,37,93,40.19,5,25,24,686,1,1,336.45,0
787,30,58,13.75,84,10,13,152,1,1,169.68,0
788,45,67,6.76,52,26,34,331,0,0,313.23,0
789,65,56,51.86,105,29,47,538,1,0,398.02,0
790,46,40,28.15,54,10,33,383,0,1,265.28,0
791,30,98,45.21,161,1,9,115,1,1,231.25,0
792,63,40,18.14,178,29,34,482,0,0,362.14,0
793,52,91,47.43,166,16,10,284,1,0,223.72,0
794,23,77,7.6,155,8,10,75,0,0,193.79,0
795,35,33,22.0,15,27,20,166,0,1,192.29,0
796,68,6,58.71,61,27,20,189,1,0,193.62,0
797,22,88,47.85,122,1,21,78,0,0,237.85,0
798,64,19,30.34,21,28,44,602,1,1,353.74,0
799,42,80,21.05,46,23,6,688,1,1,152.24,0
800,19,40,52.46,197,14,16,21,1,0,262.04,0
801,27,92,33.15,134,15,1,566,1,1,166.21,0
802,47,97,45.75,38,24,11,184,1,1,245.94,0
803,67,59,45.49,62,3,41,222,0,0,323.84,0
804,62,59,2.06,86,7,17,328,1,0,232.57,0
805,22,48,8.45,190,8,10,179,1,1,194.74,0
806,50,41,39.92,78,25,15,112,1,0,184.74,0
807,18,13,10.54,46,25,48,726,0,1,378.0,0
808,35,45,16.07,141,4,17,59,1,1,229.32,0
809,49,89,56.85,3,15,34,327,1,0,307.39,0
810,64,53,34.05,6,12,25,621,1,0,218.93,0
811,66,42,45.29,93,29,15,669,0,1,229.58,0
812,28,63,33.92,8,6,5,191,0,1,120.89,0
813,38,27,33.6,172,25,43,200,0,1,381.52,0
814,43,38,6.55,108,19,42,312,1,1,339.69,0
815,42,60,21.28,161,16,46,708,1,0,385.11,0
816,39,7,17.66,75,2,46,35,0,1,300.56,0
817,44,5,24.05,77,4,47,379,0,1,275.66,0
818,66,45,48.1,50,18,41,387,0,1,329.67,0
819,30,58,22.94,11,11,11,237,0,0,106.39,0
820,50,31,27.65,95,28,12,616,1,0,207.61,0
821,51,23,24.45,156,26,3,519,1,1,145.92,0
822,58,42,6.51,70,6,38,283,0,1,297.52,0
823,52,10,27.02,169,27,1,1,0,0,99.74,0
824,18,32,12.54,16,8,25,464,0,0,149.7,0
825,38,53,12.02,68,27,26,230,1,1,281.34,0
826,65,30,6.55,99,5,26,172,0,1,248.14,0
827,23,39,22.04,48,28,14,87,0,0,196.28,0
828,45,31,45.69,184,25,7,553,0,0,155.96,0
829,34,82,17.31,64,16,6,123,1,0,142.65,0
830,22,2,19.43,187,15,46,298,1,1,358.26,0
831,48,78,38.92,90,22,45,690,1,1,466.63,0
832,22,77,12.55,190,2,39,575,0,1,334.4,0
833,55,93,53.92,76,20,11,484,0,1,224.72,0
834,20,12,31.69,139,25,12,165,0,0,208.99,0
835,40,39,27.41,101,3,42,699,1,1,340.08,0
836,54,66,33.91,89,9,16,383,0,1,237.78,0
837,54,96,10.8,18,4,16,209,0,0,159.84,0
838,27,13,37.19,19,20,35,432,1,0,268.6,0
839,27,46,22.42,55,21,20,389,1,1,272.9,0
840,36,27,53.93,102,29,7,560,0,1,196.87,0
841,34,17,10.96,118,9,4,224,0,0,116.02,0
842,38,95,30.92,154,11,25,3,0,1,308.67,0
843,31,98,36.29,134,9,15,372,1,1,248.29,0
844,26,60,2.97,4,28,35,687,1,0,307.5,0
845,63,64,22.46,108,12,27,446,0,0,276.08,0
846,18,88,44.23,115,10,28,611,0,0,310.82,0
847,68,35,49.4,29,21,46,116,1,1,363.11,0
848,62,70,19.48,59,15,11,270,1,0,144.81,0
849,30,83,48.12,125,7,36,447,0,0,291.98,0
850,21,30,58.1,98,7,29,368,0,1,235.04,0
851,18,71,51.56,17,26,22,253,0,1,262.73,0
852,66,74,7.94,107,24,15,317,0,0,210.47,0
853,57,96,44.64,43,7,13,415,1,1,199.11,0
854,49,98,19.86,80,12,9,95,1,1,233.78,0
855,51,63,59.32,194,26,6,24,1,1,225.36,0
856,45,28,29.64,162,1,44,628,0,1,308.47,0
857,48,60,8.22,8,29,36,663,1,0,317.73,0
858,25,79,43.79,141,29,28,50,0,1,363.37,0
859,56,94,20.06,106,11,2,502,0,1,214.57,0
860,43,37,59.83,8,9,14,718,0,1,191.63,0
861,51,93,58.81,96,11,35,498,0,1,386.06,0
862,20,22,39.71,94,10,46,335,1,1,331.11,0
863,67,68,8.66,65,14,45,79,0,0,369.3,0
864,29,20,41.52,171,15,18,582,0,1,199.57,0
865,18,96,6.49,39,16,12,27,0,1,192.41,0
866,61,68,2.73,81,25,41,271,0,1,365.6,0
867,22,91,49.55,187,1,20,562,0,0,232.61,0
868,47,64,13.38,84,17,36,247,0,1,298.79,0
869,47,17,23.36,88,11,26,591,1,1,224.08,0
870,34,12,58.43,86,18,28,387,0,0,238.75,0
871,65,22,20.87,93,25,19,702,0,1,256.91,0
872,64,17,18.49,86,22,24,559,0,1,237.76,0
873,40,10,55.17,44,17,5,361,1,1,136.74,0
874,32,65,7.53,137,29,35,488,0,1,298.74,0
875,54,22,45.82,165,16,1,352,0,1,157.99,0
876,38,90,59.3,74,29,21,701,0,0,312.87,0
877,31,82,54.18,36,5,31,256,0,1,256.51,0
878,19,50,39.45,101,24,15,222,0,1,234.23,0
879,28,14,19.53,156,14,17,1,1,1,216.85,0
880,68,64,16.0,170,2,4,546,1,1,192.61,0
881,56,47,49.34,171,5,35,446,0,1,307.39,0
882,55,29,52.91,170,2,29,79,1,0,243.23,0
883,51,76,32.0,104,29,44,236,1,1,411.49,0
884,55,36,15.42,66,28,18,334,0,0,229.18,0
885,67,99,7.66,55,0,22,349,0,0,230.69,0
886,51,52,6.14,176,29,33,98,0,0,316.9,0
887,35,76,43.43,91,12,12,82,0,1,232.35,0
888,47,7,25.79,22,27,42,502,1,0,262.06,0
889,32,29,54.42,101,20,28,477,1,0,297.88,0
890,44,11,44.64,155,25,35,704,1,0,304.92,0
891,68,33,12.28,121,13,21,550,1,0,254.38,0
892,51,6,37.21,93,12,46,14,0,1,299.2,0
893,69,79,26.69,195,26,35,392,0,1,365.93,0
894,55,32,35.06,108,3,8,347,1,0,149.22,0
895,50,51,44.55,141,6,38,310,0,1,341.75,0
896,41,75,48.57,173,21,18,386,1,1,297.88,0
897,32,58,50.78,10,9,37,209,1,1,321.2,0
898,47,87,15.98,9,6,5,357,1,0,144.64,0
899,59,26,2.84,182,20,46,601,1,1,395.8,0
900,68,98,44.62,155,14,14,568,0,0,241.68,0
901,34,46,7.27,34,14,19,94,1,0,197.22,0
902,22,98,19.58,129,3,8,93,1,0,215.68,0
903,46,29,1.23,160,22,31,340,0,1,268.51,0
904,21,4,41.22,89,22,3,597,1,0,117.55,0
905,27,81,10.86,93,5,49,445,0,0,359.88,0
906,34,99,39.66,71,23,17,22,1,0,242.25,0
907,27,13,59.51,67,19,4,291,0,1,105.31,0
908,34,39,5.29,148,25,19,485,0,1,271.41,0
909,37,15,5.55,117,4,22,306,0,0,125.72,0
910,41,29,21.08,94,19,10,634,1,1,185.47,0
911,22,29,52.12,163,11,36,128,0,1,335.7,0
912,51,75,13.72,99,0,21,625,0,1,234.29,0
913,23,32,22.26,113,27,3,273,0,0,135.05,0
914,19,2,5.04,103,7,28,442,1,1,209.01,0
915,30,47,46.03,91,0,43,503,0,0,316.85,0
916,60,78,25.09,90,4,33,130,0,1,271.78,0
917,60,84,45.8,17,21,12,132,1,0,214.16,0
918,65,22,54.31,18,5,41,597,0,0,273.41,0
919,28,75,14.73,173,28,8,482,1,0,240.13,0
920,68,27,48.64,116,20,41,390,0,1,333.91,0
921,64,67,4.49,93,2,30,593,1,0,298.91,0
922,40,81,54.03,181,14,6,325,0,1,233.78,0
923,33,56,39.4,91,4,3,69,0,0,107.31,0
924,48,92,52.58,82,27,18,660,1,1,317.18,0
925,28,93,1.01,68,23,41,448,0,1,356.98,0
926,33,21,10.98,193,13,29,528,1,1,285.72,0
927,25,47,24.0,114,17,30,617,0,1,345.48,0
928,21,80,23.39,1,15,34,165,0,1,281.85,0
929,57,59,14.38,58,5,20,488,0,0,184.29,0
930,21,84,23.52,154,24,30,713,1,1,361.2,0
931,42,6,8.6,109,23,18,709,0,0,166.99,0
932,20,19,25.35,148,13,30,426,0,1,283.22,0
933,49,57,48.34,116,26,31,697,0,1,341.34,0
934,20,69,29.27,87,23,1,265,0,0,168.46,0
935,44,3,2.06,10,7,9,612,0,0,89.48,1
936,46,1,25.87,59,28,1,342,1,1,147.69,0
937,49,58,2.6,41,6,1,726,0,1,88.26,0
938,67,38,58.01,105,7,23,278,1,1,266.58,0
939,68,15,8.52,133,12,16,674,0,1,200.15,0
940,36,34,42.75,122,5,31,439,1,1,269.93,0
941,38,61,58.39,193,17,15,157,1,1,272.86,0
942,22,35,49.74,145,1,15,422,0,0,150.49,0
943,35,64,42.26,22,7,45,251,1,0,347.84,0
944,45,25,50.53,98,10,38,609,0,1,325.65,0
945,59,24,58.93,169,0,30,530,1,1,317.67,0
946,39,12,37.66,68,21,42,327,1,1,333.89,0
947,38,18,33.99,197,28,23,97,0,1,288.66,0
948,23,15,38.07,139,5,0,513,0,0,110.45,0
949,18,80,32.43,56,15,10,216,0,1,184.46,0
950,22,27,38.47,179,26,20,132,0,0,228.86,0
951,58,72,27.54,149,19,3,260,0,0,154.01,0
952,29,60,13.89,99,11,6,125,0,1,149.26,0
953,43,46,8.09,76,10,25,82,0,0,188.57,0
954,63,89,5.03,26,28,46,283,1,1,388.28,0
955,51,17,16.54,115,26,49,683,0,1,399.55,0
956,66,93,3.72,147,28,11,59,0,1,244.01,0
957,31,53,34.46,109,9,30,544,1,0,289.24,0
958,43,8,17.75,188,2,16,161,0,0,143.58,1
959,62,79,49.65,199,12,32,284,0,0,318.88,0
960,44,27,5.38,47,26,10,106,0,1,163.82,0
961,26,46,14.35,71,2,27,105,1,1,241.3,0
962,43,50,44.08,154,14,31,439,1,1,346.28,0
963,64,71,36.33,40,15,0,228,0,0,141.16,0
964,39,3,4.8,133,28,46,700,1,1,361.97,0
965,64,93,52.76,149,12,27,582,0,0,326.94,0
966,47,64,52.76,132,16,41,318,1,0,349.24,0
967,60,44,20.49,23,2,6,464,1,1,166.1,0
968,65,53,21.08,106,19,1,599,1,1,152.49,0
969,34,24,59.35,84,10,41,472,0,0,318.93,0
970,43,60,37.94,143,26,23,56,0,0,251.95,0
971,53,3,32.35,116,20,3,625,0,1,132.53,0
972,18,20,50.45,109,18,43,13,1,0,369.3,0
973,25,46,17.83,136,21,18,440,0,0,208.46,0
974,66,15,26.32,41,10,25,18,1,1,255.3,0
975,52,25,16.8,112,29,10,694,1,1,213.57,0
976,69,94,47.56,147,27,39,113,0,1,426.95,0
977,32,78,34.83,112,15,49,229,1,1,432.85,0
978,64,71,39.87,103,20,42,171,1,1,398.8,0
979,39,17,15.89,46,2,10,295,1,0,77.82,0
980,31,84,13.99,156,21,44,189,1,1,409.22,0
981,43,9,29.81,68,5,2,426,1,1,125.64,0
982,45,38,44.52,122,13,11,79,0,0,160.45,0
983,40,48,31.99,15,23,2,658,1,1,161.83,0
984,31,60,2.93,165,17,41,182,0,0,307.56,0
985,41,63,52.24,129,16,26,499,1,0,287.35,0
986,19,86,4.82,195,3,48,708,1,0,425.43,0
987,62,2,57.39,111,22,1,71,0,1,102.16,0
988,43,88,2.48,24,14,48,248,1,1,396.84,0
989,31,72,41.97,27,10,15,146,0,1,205.06,0
990,68,11,5.85,40,25,1,618,0,1,99.57,0
991,24,64,54.73,191,2,29,296,0,0,282.79,0
992,20,77,28.4,189,2,19,582,1,0,246.32,0
993,64,81,9.11,164,15,37,470,1,0,343.52,0
994,40,72,21.11,24,4,27,506,1,0,258.07,0
995,63,21,10.72,24,20,24,193,0,0,178.28,0
996,60,18,11.06,4,28,31,68,1,1,298.64,0
997,64,94,56.94,67,9,9,494,1,1,231.24,0
998,62,64,27.27,34,18,41,52,0,1,319.35,0
999,35,82,47.54,185,24,39,363,0,0,411.1,0
1000,55,95,38.74,177,3,32,474,0,1,350.93,0
